DROP DATABASE IF EXISTS hipermercadogirassol;
CREATE DATABASE hipermercadogirassol;
USE hipermercadogirassol;

-- --------------------------------------------------------
-- Host:                         127.0.0.1
-- Server version:               10.4.17-MariaDB - mariadb.org binary distribution
-- Server OS:                    Win64
-- HeidiSQL Version:             11.2.0.6213
-- --------------------------------------------------------

/*!40101 SET @OLD_CHARACTER_SET_CLIENT=@@CHARACTER_SET_CLIENT */;
/*!40101 SET NAMES utf8 */;
/*!50503 SET NAMES utf8mb4 */;
/*!40014 SET @OLD_FOREIGN_KEY_CHECKS=@@FOREIGN_KEY_CHECKS, FOREIGN_KEY_CHECKS=0 */;
/*!40101 SET @OLD_SQL_MODE=@@SQL_MODE, SQL_MODE='NO_AUTO_VALUE_ON_ZERO' */;
/*!40111 SET @OLD_SQL_NOTES=@@SQL_NOTES, SQL_NOTES=0 */;

-- Dumping structure for table hipermercadogirassol.categorias
CREATE TABLE IF NOT EXISTS `categorias` (
  `ID` int(11) NOT NULL AUTO_INCREMENT,
  `Designacao` varchar(100) NOT NULL,
  PRIMARY KEY (`ID`)
) ENGINE=InnoDB DEFAULT CHARSET=utf8;

-- Dumping data for table hipermercadogirassol.categorias: ~0 rows (approximately)
/*!40000 ALTER TABLE `categorias` DISABLE KEYS */;
INSERT INTO `categorias` (`ID`, `Designacao`) VALUES
	(1, 'Mercearia'),
	(2, 'Frescos'),
	(3, 'Bebidas'),
	(4, 'Lacticínios'),
	(5, 'Congelados'),
	(6, 'Bebé'),
	(7, 'Higiene e Beleza'),
	(8, 'Limpeza'),
	(9, 'Animais'),
	(10, 'Iogurtes');
/*!40000 ALTER TABLE `categorias` ENABLE KEYS */;

-- Dumping structure for table hipermercadogirassol.clientes
CREATE TABLE IF NOT EXISTS `clientes` (
  `ID` int(11) NOT NULL AUTO_INCREMENT,
  `Nome` varchar(255) NOT NULL,
  `NIF` varchar(9) NOT NULL DEFAULT '0',
  `Morada` varchar(255) NOT NULL,
  `CodigoPostal` varchar(8) NOT NULL,
  `Localidade` varchar(100) NOT NULL,
  `CodigoDistrito` int(11) DEFAULT NULL,
  `CodigoConcelho` int(11) DEFAULT NULL,
  PRIMARY KEY (`ID`)
) ENGINE=InnoDB DEFAULT CHARSET=utf8;

-- Dumping data for table hipermercadogirassol.clientes: ~0 rows (approximately)
/*!40000 ALTER TABLE `clientes` DISABLE KEYS */;
INSERT INTO `clientes` (`ID`, `Nome`, `NIF`, `Morada`, `CodigoPostal`, `Localidade`, `CodigoDistrito`, `CodigoConcelho`) VALUES
	(1, 'Benedita Neves', '119367845', 'Rua das Padeiras', '3000-311', 'Coimbra', NULL, NULL),
	(2, 'João Coelho', '912419641', 'Rua Infante Dom Henrique, Fala', '3045-081', 'Coimbra', NULL, NULL),
	(3, 'Domingos Rodrigues', '967841819', 'Rua Alberto de Oliveira', '3000-016', 'Coimbra', NULL, NULL),
	(4, 'Afonso Rocha', '496848578', 'Rua Lomba da Eira, São Paulo de Frades', '3020-384', 'Coimbra', NULL, NULL),
	(5, 'Domingos Costa', '917975128', 'Rua da Porteladinha', '3030-296', 'Coimbra', NULL, NULL),
	(6, 'Carina Costa', '111428983', 'Rua do Norte', '3000-295', 'Coimbra', NULL, NULL),
	(7, 'Casimiro Santos', '379235623', 'Rua de Aveiro, Conchada', '3000-064', 'Coimbra', NULL, NULL),
	(8, 'Catarina Neves', '484426186', 'Rua da Quinta, Trouxemil', '3025-209', 'Coimbra', NULL, NULL),
	(9, 'Daniel Mendes', '826995869', 'Estrada Principal da Rua das Flores, São Paulo de Frades', '3020-135', 'Coimbra', NULL, NULL),
	(10, 'Daniel Oliveira', '589382752', 'Rua de São Romão, São Romão', '3020-488', 'Coimbra', NULL, NULL),
	(11, 'Celina Simões', '556622579', 'Rua da Escola, Antuzede', '3025-017', 'Coimbra', NULL, NULL),
	(12, 'Daniela Martins', '972772482', 'Rua do Pinhal de Marrocos', '3030-201', 'Coimbra', NULL, NULL),
	(13, 'Camila Simões', '781583223', 'Rua Boca do Barreiro', '3045-020', 'Coimbra', NULL, NULL),
	(14, 'Casimiro Gomes', '835719985', 'Rua Vale da Fonte, Cruz dos Morouços', '3040-121', 'Coimbra', NULL, NULL),
	(15, 'Dalila Martins', '997132215', 'Largo do Romal', '3000-347', 'Coimbra', NULL, NULL),
	(16, 'Célio Coelho', '298753863', 'Estrada 25 de Abril', '3030-316', 'Coimbra', NULL, NULL),
	(17, 'Cristina Coelho', '777252894', 'Rua do Corgo, Carvalhosas', '3030-086', 'Coimbra', NULL, NULL),
	(18, 'Diana Oliveira', '529124953', 'Travessa da Rua Pêro Vaz de Caminha', '3030-433', 'Coimbra', NULL, NULL),
	(19, 'Adelaide Fernandes', '234397821', 'Travessa de Santo António, Alcarraques', '3025-113', 'Coimbra', NULL, NULL),
	(20, 'Carlos Rodrigues', '596461134', 'Rua do Almoxarife', '3000-022', 'Coimbra', NULL, NULL),
	(21, 'João Pereira', '385974272', 'Rua da Azenha, Póvoa do Pinheiro', '3025-139', 'Coimbra', NULL, NULL),
	(22, 'Carlota Santos', '769715839', 'Urbanização Bela Vista, Santa Clara', '3040-243', 'Coimbra', NULL, NULL),
	(23, 'Cesário Marques', '769313821', 'Estrada da Beira', '3030-173', 'Coimbra', NULL, NULL),
	(24, 'Adriana Coelho', '294616498', 'Rua Sanches da Gama', '3030-021', 'Coimbra', NULL, NULL),
	(25, 'Bernardina Fernandes', '133929493', 'Rua de São João, Almedina', '3000-470', 'Coimbra', NULL, NULL),
	(26, 'Casimiro Pereira', '597879267', 'Parque Nómada', '3025-300', 'Coimbra', NULL, NULL),
	(27, 'Diogo Marques', '122496441', 'Largo da Portagem', '3000-337', 'Coimbra', NULL, NULL),
	(28, 'Cidália Pereira', '991271897', ' Sem Nome, Conchada', '3000-464', 'Coimbra', NULL, NULL),
	(29, 'Carlos Pereira', '853929338', 'Rua de São Pedro, Almedina', '3000-370', 'Coimbra', NULL, NULL),
	(30, 'Bárbara Rocha', '719788257', 'Rua Nova da Fonte', '3030-162', 'Coimbra', NULL, NULL);
/*!40000 ALTER TABLE `clientes` ENABLE KEYS */;

-- Dumping structure for table hipermercadogirassol.concelhos
CREATE TABLE IF NOT EXISTS `concelhos` (
  `CodigoDistrito` int(11) NOT NULL,
  `CodigoConcelho` int(11) NOT NULL,
  `Designacao` varchar(60) NOT NULL DEFAULT '',
  PRIMARY KEY (`CodigoDistrito`,`CodigoConcelho`)
) ENGINE=InnoDB DEFAULT CHARSET=utf8;

-- Dumping data for table hipermercadogirassol.concelhos: ~0 rows (approximately)
/*!40000 ALTER TABLE `concelhos` DISABLE KEYS */;
INSERT INTO `concelhos` (`CodigoDistrito`, `CodigoConcelho`, `Designacao`) VALUES
	(1, 1, 'Águeda'),
	(1, 2, 'Albergaria-a-Velha'),
	(1, 3, 'Anadia'),
	(1, 4, 'Arouca'),
	(1, 5, 'Aveiro'),
	(1, 6, 'Castelo de Paiva'),
	(1, 7, 'Espinho'),
	(1, 8, 'Estarreja'),
	(1, 9, 'Santa Maria da Feira'),
	(1, 10, 'Ílhavo'),
	(1, 11, 'Mealhada'),
	(1, 12, 'Murtosa'),
	(1, 13, 'Oliveira de Azeméis'),
	(1, 14, 'Oliveira do Bairro'),
	(1, 15, 'Ovar'),
	(1, 16, 'São João da Madeira'),
	(1, 17, 'Sever do Vouga'),
	(1, 18, 'Vagos'),
	(1, 19, 'Vale de Cambra'),
	(2, 1, 'Aljustrel'),
	(2, 2, 'Almodôvar'),
	(2, 3, 'Alvito'),
	(2, 4, 'Barrancos'),
	(2, 5, 'Beja'),
	(2, 6, 'Castro Verde'),
	(2, 7, 'Cuba'),
	(2, 8, 'Ferreira do Alentejo'),
	(2, 9, 'Mértola'),
	(2, 10, 'Moura'),
	(2, 11, 'Odemira'),
	(2, 12, 'Ourique'),
	(2, 13, 'Serpa'),
	(2, 14, 'Vidigueira'),
	(3, 1, 'Amares'),
	(3, 2, 'Barcelos'),
	(3, 3, 'Braga'),
	(3, 4, 'Cabeceiras de Basto'),
	(3, 5, 'Celorico de Basto'),
	(3, 6, 'Esposende'),
	(3, 7, 'Fafe'),
	(3, 8, 'Guimarães'),
	(3, 9, 'Póvoa de Lanhoso'),
	(3, 10, 'Terras de Bouro'),
	(3, 11, 'Vieira do Minho'),
	(3, 12, 'Vila Nova de Famalicão'),
	(3, 13, 'Vila Verde'),
	(3, 14, 'Vizela'),
	(4, 1, 'Alfândega da Fé'),
	(4, 2, 'Bragança'),
	(4, 3, 'Carrazeda de Ansiães'),
	(4, 4, 'Freixo de Espada à Cinta'),
	(4, 5, 'Macedo de Cavaleiros'),
	(4, 6, 'Miranda do Douro'),
	(4, 7, 'Mirandela'),
	(4, 8, 'Mogadouro'),
	(4, 9, 'Torre de Moncorvo'),
	(4, 10, 'Vila Flor'),
	(4, 11, 'Vimioso'),
	(4, 12, 'Vinhais'),
	(5, 1, 'Belmonte'),
	(5, 2, 'Castelo Branco'),
	(5, 3, 'Covilhã'),
	(5, 4, 'Fundão'),
	(5, 5, 'Idanha-a-Nova'),
	(5, 6, 'Oleiros'),
	(5, 7, 'Penamacor'),
	(5, 8, 'Proença-a-Nova'),
	(5, 9, 'Sertã'),
	(5, 10, 'Vila de Rei'),
	(5, 11, 'Vila Velha de Ródão'),
	(6, 1, 'Arganil'),
	(6, 2, 'Cantanhede'),
	(6, 3, 'Coimbra'),
	(6, 4, 'Condeixa-a-Nova'),
	(6, 5, 'Figueira da Foz'),
	(6, 6, 'Góis'),
	(6, 7, 'Lousã'),
	(6, 8, 'Mira'),
	(6, 9, 'Miranda do Corvo'),
	(6, 10, 'Montemor-o-Velho'),
	(6, 11, 'Oliveira do Hospital'),
	(6, 12, 'Pampilhosa da Serra'),
	(6, 13, 'Penacova'),
	(6, 14, 'Penela'),
	(6, 15, 'Soure'),
	(6, 16, 'Tábua'),
	(6, 17, 'Vila Nova de Poiares'),
	(7, 1, 'Alandroal'),
	(7, 2, 'Arraiolos'),
	(7, 3, 'Borba'),
	(7, 4, 'Estremoz'),
	(7, 5, 'Évora'),
	(7, 6, 'Montemor-o-Novo'),
	(7, 7, 'Mora'),
	(7, 8, 'Mourão'),
	(7, 9, 'Portel'),
	(7, 10, 'Redondo'),
	(7, 11, 'Reguengos de Monsaraz'),
	(7, 12, 'Vendas Novas'),
	(7, 13, 'Viana do Alentejo'),
	(7, 14, 'Vila Viçosa'),
	(8, 1, 'Albufeira'),
	(8, 2, 'Alcoutim'),
	(8, 3, 'Aljezur'),
	(8, 4, 'Castro Marim'),
	(8, 5, 'Faro'),
	(8, 6, 'Lagoa (Algarve)'),
	(8, 7, 'Lagos'),
	(8, 8, 'Loulé'),
	(8, 9, 'Monchique'),
	(8, 10, 'Olhão'),
	(8, 11, 'Portimão'),
	(8, 12, 'São Brás de Alportel'),
	(8, 13, 'Silves'),
	(8, 14, 'Tavira'),
	(8, 15, 'Vila do Bispo'),
	(8, 16, 'Vila Real de Santo António'),
	(9, 1, 'Aguiar da Beira'),
	(9, 2, 'Almeida'),
	(9, 3, 'Celorico da Beira'),
	(9, 4, 'Figueira de Castelo Rodrigo'),
	(9, 5, 'Fornos de Algodres'),
	(9, 6, 'Gouveia'),
	(9, 7, 'Guarda'),
	(9, 8, 'Manteigas'),
	(9, 9, 'Meda'),
	(9, 10, 'Pinhel'),
	(9, 11, 'Sabugal'),
	(9, 12, 'Seia'),
	(9, 13, 'Trancoso'),
	(9, 14, 'Vila Nova de Foz Côa'),
	(10, 1, 'Alcobaça'),
	(10, 2, 'Alvaiázere'),
	(10, 3, 'Ansião'),
	(10, 4, 'Batalha'),
	(10, 5, 'Bombarral'),
	(10, 6, 'Caldas da Rainha'),
	(10, 7, 'Castanheira de Pêra'),
	(10, 8, 'Figueiró dos Vinhos'),
	(10, 9, 'Leiria'),
	(10, 10, 'Marinha Grande'),
	(10, 11, 'Nazaré'),
	(10, 12, 'Óbidos'),
	(10, 13, 'Pedrógão Grande'),
	(10, 14, 'Peniche'),
	(10, 15, 'Pombal'),
	(10, 16, 'Porto de Mós'),
	(11, 1, 'Alenquer'),
	(11, 2, 'Arruda dos Vinhos'),
	(11, 3, 'Azambuja'),
	(11, 4, 'Cadaval'),
	(11, 5, 'Cascais'),
	(11, 6, 'Lisboa'),
	(11, 7, 'Loures'),
	(11, 8, 'Lourinhã'),
	(11, 9, 'Mafra'),
	(11, 10, 'Oeiras'),
	(11, 11, 'Sintra'),
	(11, 12, 'Sobral de Monte Agraço'),
	(11, 13, 'Torres Vedras'),
	(11, 14, 'Vila Franca de Xira'),
	(11, 15, 'Amadora'),
	(11, 16, 'Odivelas'),
	(12, 1, 'Alter do Chão'),
	(12, 2, 'Arronches'),
	(12, 3, 'Avis'),
	(12, 4, 'Campo Maior'),
	(12, 5, 'Castelo de Vide'),
	(12, 6, 'Crato'),
	(12, 7, 'Elvas'),
	(12, 8, 'Fronteira'),
	(12, 9, 'Gavião'),
	(12, 10, 'Marvão'),
	(12, 11, 'Monforte'),
	(12, 12, 'Nisa'),
	(12, 13, 'Ponte de Sor'),
	(12, 14, 'Portalegre'),
	(12, 15, 'Sousel'),
	(13, 1, 'Amarante'),
	(13, 2, 'Baião'),
	(13, 3, 'Felgueiras'),
	(13, 4, 'Gondomar'),
	(13, 5, 'Lousada'),
	(13, 6, 'Maia'),
	(13, 7, 'Marco de Canaveses'),
	(13, 8, 'Matosinhos'),
	(13, 9, 'Paços de Ferreira'),
	(13, 10, 'Paredes'),
	(13, 11, 'Penafiel'),
	(13, 12, 'Porto'),
	(13, 13, 'Póvoa de Varzim'),
	(13, 14, 'Santo Tirso'),
	(13, 15, 'Valongo'),
	(13, 16, 'Vila do Conde'),
	(13, 17, 'Vila Nova de Gaia'),
	(13, 18, 'Trofa'),
	(14, 1, 'Abrantes'),
	(14, 2, 'Alcanena'),
	(14, 3, 'Almeirim'),
	(14, 4, 'Alpiarça'),
	(14, 5, 'Benavente'),
	(14, 6, 'Cartaxo'),
	(14, 7, 'Chamusca'),
	(14, 8, 'Constância'),
	(14, 9, 'Coruche'),
	(14, 10, 'Entroncamento'),
	(14, 11, 'Ferreira do Zêzere'),
	(14, 12, 'Golegã'),
	(14, 13, 'Mação'),
	(14, 14, 'Rio Maior'),
	(14, 15, 'Salvaterra de Magos'),
	(14, 16, 'Santarém'),
	(14, 17, 'Sardoal'),
	(14, 18, 'Tomar'),
	(14, 19, 'Torres Novas'),
	(14, 20, 'Vila Nova da Barquinha'),
	(14, 21, 'Ourém'),
	(15, 1, 'Alcácer do Sal'),
	(15, 2, 'Alcochete'),
	(15, 3, 'Almada'),
	(15, 4, 'Barreiro'),
	(15, 5, 'Grândola'),
	(15, 6, 'Moita'),
	(15, 7, 'Montijo'),
	(15, 8, 'Palmela'),
	(15, 9, 'Santiago do Cacém'),
	(15, 10, 'Seixal'),
	(15, 11, 'Sesimbra'),
	(15, 12, 'Setúbal'),
	(15, 13, 'Sines'),
	(16, 1, 'Arcos de Valdevez'),
	(16, 2, 'Caminha'),
	(16, 3, 'Melgaço'),
	(16, 4, 'Monção'),
	(16, 5, 'Paredes de Coura'),
	(16, 6, 'Ponte da Barca'),
	(16, 7, 'Ponte de Lima'),
	(16, 8, 'Valença'),
	(16, 9, 'Viana do Castelo'),
	(16, 10, 'Vila Nova de Cerveira'),
	(17, 1, 'Alijó'),
	(17, 2, 'Boticas'),
	(17, 3, 'Chaves'),
	(17, 4, 'Mesão Frio'),
	(17, 5, 'Mondim de Basto'),
	(17, 6, 'Montalegre'),
	(17, 7, 'Murça'),
	(17, 8, 'Peso da Régua'),
	(17, 9, 'Ribeira de Pena'),
	(17, 10, 'Sabrosa'),
	(17, 11, 'Santa Marta de Penaguião'),
	(17, 12, 'Valpaços'),
	(17, 13, 'Vila Pouca de Aguiar'),
	(17, 14, 'Vila Real'),
	(18, 1, 'Armamar'),
	(18, 2, 'Carregal do Sal'),
	(18, 3, 'Castro Daire'),
	(18, 4, 'Cinfães'),
	(18, 5, 'Lamego'),
	(18, 6, 'Mangualde'),
	(18, 7, 'Moimenta da Beira'),
	(18, 8, 'Mortágua'),
	(18, 9, 'Nelas'),
	(18, 10, 'Oliveira de Frades'),
	(18, 11, 'Penalva do Castelo'),
	(18, 12, 'Penedono'),
	(18, 13, 'Resende'),
	(18, 14, 'Santa Comba Dão'),
	(18, 15, 'São João da Pesqueira'),
	(18, 16, 'São Pedro do Sul'),
	(18, 17, 'Sátão'),
	(18, 18, 'Sernancelhe'),
	(18, 19, 'Tabuaço'),
	(18, 20, 'Tarouca'),
	(18, 21, 'Tondela'),
	(18, 22, 'Vila Nova de Paiva'),
	(18, 23, 'Viseu'),
	(18, 24, 'Vouzela'),
	(31, 1, 'Calheta (Madeira)'),
	(31, 2, 'Câmara de Lobos'),
	(31, 3, 'Funchal'),
	(31, 4, 'Machico'),
	(31, 5, 'Ponta do Sol'),
	(31, 6, 'Porto Moniz'),
	(31, 7, 'Ribeira Brava'),
	(31, 8, 'Santa Cruz'),
	(31, 9, 'Santana'),
	(31, 10, 'São Vicente'),
	(32, 1, 'Porto Santo'),
	(41, 1, 'Vila do Porto'),
	(42, 1, 'Lagoa (São Miguel)'),
	(42, 2, 'Nordeste'),
	(42, 3, 'Ponta Delgada'),
	(42, 4, 'Povoação'),
	(42, 5, 'Ribeira Grande'),
	(42, 6, 'Vila Franca do Campo'),
	(43, 1, 'Angra do Heroísmo'),
	(43, 2, 'Praia da Vitória'),
	(44, 1, 'Santa Cruz da Graciosa'),
	(45, 1, 'Calheta (São Jorge)'),
	(45, 2, 'Velas'),
	(46, 1, 'Lajes do Pico'),
	(46, 2, 'Madalena'),
	(46, 3, 'São Roque do Pico'),
	(47, 1, 'Horta'),
	(48, 1, 'Lajes das Flores'),
	(48, 2, 'Santa Cruz das Flores'),
	(49, 1, 'Corvo');
/*!40000 ALTER TABLE `concelhos` ENABLE KEYS */;

-- Dumping structure for table hipermercadogirassol.detalhe_venda
CREATE TABLE IF NOT EXISTS `detalhe_venda` (
  `ID` int(11) NOT NULL AUTO_INCREMENT,
  `Venda_ID` int(11) NOT NULL,
  `Produto_ID` int(11) NOT NULL,
  `Preco` decimal(20,6) NOT NULL DEFAULT 0.000000,
  `Quantidade` int(11) NOT NULL DEFAULT 0,
  `Total` decimal(20,6) NOT NULL DEFAULT 0.000000,
  PRIMARY KEY (`ID`)
) ENGINE=InnoDB DEFAULT CHARSET=utf8;

-- Dumping data for table hipermercadogirassol.detalhe_venda: ~0 rows (approximately)
/*!40000 ALTER TABLE `detalhe_venda` DISABLE KEYS */;
INSERT INTO `detalhe_venda` (`ID`, `Venda_ID`, `Produto_ID`, `Preco`, `Quantidade`, `Total`) VALUES
	(1, 1, 1, 1.090000, 4, 4.360000),
	(2, 1, 3, 3.990000, 3, 11.970000),
	(3, 1, 4, 2.990000, 2, 5.980000),
	(4, 1, 1, 1.090000, 6, 6.540000),
	(5, 1, 6, 0.990000, 8, 7.920000),
	(6, 1, 5, 1.840000, 1, 1.840000),
	(7, 1, 1, 1.090000, 4, 4.360000),
	(8, 1, 5, 1.840000, 1, 1.840000),
	(9, 1, 2, 2.790000, 1, 2.790000),
	(10, 1, 6, 0.990000, 1, 0.990000),
	(11, 2, 6, 0.990000, 8, 7.920000),
	(12, 2, 5, 1.840000, 5, 9.200000),
	(13, 2, 3, 3.990000, 4, 15.960000),
	(14, 2, 3, 3.990000, 5, 19.950000),
	(15, 2, 1, 1.090000, 7, 7.630000),
	(16, 2, 5, 1.840000, 1, 1.840000),
	(17, 2, 1, 1.090000, 6, 6.540000),
	(18, 2, 5, 1.840000, 6, 11.040000),
	(19, 2, 2, 2.790000, 5, 13.950000),
	(20, 3, 1, 1.090000, 5, 5.450000),
	(21, 4, 5, 1.840000, 7, 12.880000),
	(22, 4, 4, 2.990000, 7, 20.930000),
	(23, 4, 3, 3.990000, 4, 15.960000),
	(24, 4, 5, 1.840000, 1, 1.840000),
	(25, 4, 5, 1.840000, 6, 11.040000),
	(26, 4, 3, 3.990000, 3, 11.970000),
	(27, 4, 5, 1.840000, 2, 3.680000),
	(28, 4, 6, 0.990000, 6, 5.940000),
	(29, 4, 4, 2.990000, 8, 23.920000),
	(30, 5, 5, 1.840000, 1, 1.840000),
	(31, 5, 4, 2.990000, 4, 11.960000),
	(32, 5, 6, 0.990000, 7, 6.930000),
	(33, 5, 2, 2.790000, 1, 2.790000),
	(34, 5, 6, 0.990000, 7, 6.930000),
	(35, 5, 2, 2.790000, 8, 22.320000),
	(36, 5, 6, 0.990000, 1, 0.990000),
	(37, 5, 4, 2.990000, 7, 20.930000),
	(38, 5, 3, 3.990000, 4, 15.960000),
	(39, 6, 3, 3.990000, 7, 27.930000),
	(40, 6, 1, 1.090000, 7, 7.630000),
	(41, 6, 6, 0.990000, 3, 2.970000),
	(42, 6, 4, 2.990000, 3, 8.970000),
	(43, 6, 2, 2.790000, 2, 5.580000),
	(44, 6, 3, 3.990000, 5, 19.950000),
	(45, 6, 6, 0.990000, 5, 4.950000),
	(46, 6, 5, 1.840000, 7, 12.880000),
	(47, 6, 3, 3.990000, 3, 11.970000),
	(48, 7, 2, 2.790000, 7, 19.530000),
	(49, 7, 5, 1.840000, 2, 3.680000),
	(50, 7, 3, 3.990000, 4, 15.960000),
	(51, 7, 5, 1.840000, 1, 1.840000),
	(52, 7, 1, 1.090000, 3, 3.270000),
	(53, 8, 6, 0.990000, 5, 4.950000),
	(54, 8, 4, 2.990000, 7, 20.930000),
	(55, 8, 6, 0.990000, 1, 0.990000),
	(56, 9, 1, 1.090000, 4, 4.360000),
	(57, 9, 1, 1.090000, 2, 2.180000),
	(58, 9, 4, 2.990000, 2, 5.980000),
	(59, 9, 3, 3.990000, 6, 23.940000),
	(60, 10, 3, 3.990000, 6, 23.940000),
	(61, 10, 5, 1.840000, 2, 3.680000),
	(62, 10, 1, 1.090000, 1, 1.090000),
	(63, 10, 6, 0.990000, 2, 1.980000),
	(64, 10, 2, 2.790000, 6, 16.740000),
	(65, 10, 1, 1.090000, 1, 1.090000),
	(66, 10, 2, 2.790000, 1, 2.790000);
/*!40000 ALTER TABLE `detalhe_venda` ENABLE KEYS */;

-- Dumping structure for table hipermercadogirassol.distritos
CREATE TABLE IF NOT EXISTS `distritos` (
  `CodigoDistrito` int(11) NOT NULL,
  `Designacao` varchar(50) NOT NULL DEFAULT '',
  PRIMARY KEY (`CodigoDistrito`)
) ENGINE=InnoDB DEFAULT CHARSET=utf8;

-- Dumping data for table hipermercadogirassol.distritos: ~0 rows (approximately)
/*!40000 ALTER TABLE `distritos` DISABLE KEYS */;
INSERT INTO `distritos` (`CodigoDistrito`, `Designacao`) VALUES
	(1, 'Aveiro'),
	(2, 'Beja'),
	(3, 'Braga'),
	(4, 'Bragança'),
	(5, 'Castelo Branco'),
	(6, 'Coimbra'),
	(7, 'Évora'),
	(8, 'Faro'),
	(9, 'Guarda'),
	(10, 'Leiria'),
	(11, 'Lisboa'),
	(12, 'Portalegre'),
	(13, 'Porto'),
	(14, 'Santarém'),
	(15, 'Setúbal'),
	(16, 'Viana do Castelo'),
	(17, 'Vila Real'),
	(18, 'Viseu'),
	(31, 'Ilha da Madeira'),
	(32, 'Ilha de Porto Santo'),
	(41, 'Ilha de Santa Maria'),
	(42, 'Ilha de São Miguel'),
	(43, 'Ilha Terceira'),
	(44, 'Ilha da Graciosa'),
	(45, 'Ilha de São Jorge'),
	(46, 'Ilha do Pico'),
	(47, 'Ilha do Faial'),
	(48, 'Ilha das Flores'),
	(49, 'Ilha do Corvo');
/*!40000 ALTER TABLE `distritos` ENABLE KEYS */;

-- Dumping structure for table hipermercadogirassol.marcas
CREATE TABLE IF NOT EXISTS `marcas` (
  `ID` int(11) NOT NULL AUTO_INCREMENT,
  `Designacao` varchar(100) NOT NULL,
  PRIMARY KEY (`ID`)
) ENGINE=InnoDB DEFAULT CHARSET=utf8;

-- Dumping data for table hipermercadogirassol.marcas: ~0 rows (approximately)
/*!40000 ALTER TABLE `marcas` DISABLE KEYS */;
INSERT INTO `marcas` (`ID`, `Designacao`) VALUES
	(1, 'CIF'),
	(2, 'Mistolin'),
	(3, 'Continente'),
	(4, 'Sonasol'),
	(5, 'Iglo'),
	(6, 'Bonduelle'),
	(7, 'Nestlé');
/*!40000 ALTER TABLE `marcas` ENABLE KEYS */;

-- Dumping structure for table hipermercadogirassol.produtos
CREATE TABLE IF NOT EXISTS `produtos` (
  `ID` int(11) NOT NULL AUTO_INCREMENT,
  `Designacao` varchar(255) NOT NULL,
  `Preco` decimal(20,6) NOT NULL DEFAULT 0.000000,
  `Descricao` varchar(1000) DEFAULT NULL,
  `Volume` varchar(50) DEFAULT NULL,
  `Peso` varchar(50) DEFAULT NULL,
  `UnidadesStock` int(11) DEFAULT 0,
  `Marca_ID` int(11) DEFAULT NULL,
  `Categoria_ID` int(11) DEFAULT NULL,
  PRIMARY KEY (`ID`)
) ENGINE=InnoDB DEFAULT CHARSET=utf8;

-- Dumping data for table hipermercadogirassol.produtos: ~0 rows (approximately)
/*!40000 ALTER TABLE `produtos` DISABLE KEYS */;
INSERT INTO `produtos` (`ID`, `Designacao`, `Preco`, `Descricao`, `Volume`, `Peso`, `UnidadesStock`, `Marca_ID`, `Categoria_ID`) VALUES
	(1, 'Tira Gorduras Spray', 1.090000, NULL, '750ml', NULL, 20, 3, 8),
	(2, 'Tira Gorduras Perfumado', 2.790000, NULL, '545ml', NULL, 18, 2, 8),
	(3, 'Spray Desengordurante Brilhante', 3.990000, NULL, '500ml', NULL, 8, 4, 8),
	(4, 'Ervilha Primavera', 2.990000, NULL, NULL, 'Embalagem 800 gr', 300, 5, 5),
	(5, 'Ervilhas', 1.840000, NULL, NULL, 'Embalagem 400 gr', 53, 6, 5),
	(6, 'Iogurte Líquido Morango e Banana', 0.990000, NULL, NULL, 'Embalagem 350 gr', 13, 7, 10),
	(7, 'Iogurte Líquido Natural Açucarado', 1.350000, NULL, NULL, 'Embalagem 1 kg', 22, 3, 10);
/*!40000 ALTER TABLE `produtos` ENABLE KEYS */;

-- Dumping structure for table hipermercadogirassol.vendas
CREATE TABLE IF NOT EXISTS `vendas` (
  `ID` int(11) NOT NULL AUTO_INCREMENT,
  `Cliente_ID` int(11) DEFAULT NULL,
  `Data` datetime NOT NULL,
  `NumeroFatura` varchar(50) NOT NULL,
  `Total` decimal(20,6) NOT NULL DEFAULT 0.000000,
  PRIMARY KEY (`ID`)
) ENGINE=InnoDB DEFAULT CHARSET=utf8;

-- Dumping data for table hipermercadogirassol.vendas: ~0 rows (approximately)
/*!40000 ALTER TABLE `vendas` DISABLE KEYS */;
INSERT INTO `vendas` (`ID`, `Cliente_ID`, `Data`, `NumeroFatura`, `Total`) VALUES
	(1, 29, '2021-10-26 09:54:00', '2021/69538', 48.590000),
	(2, 21, '2019-11-20 14:06:00', '2019/00631', 94.030000),
	(3, 21, '2020-06-22 11:32:00', '2020/67831', 5.450000),
	(4, 22, '2021-02-04 17:09:00', '2021/68730', 108.160000),
	(5, 12, '2021-10-08 12:07:00', '2021/55009', 90.650000),
	(6, 7, '2021-04-25 21:05:00', '2021/14442', 102.830000),
	(7, 15, '2020-03-18 19:03:00', '2020/59052', 44.280000),
	(8, 6, '2018-02-04 13:45:00', '2018/83320', 26.870000),
	(9, 7, '2021-03-04 09:54:00', '2021/86781', 36.460000),
	(10, 20, '2021-02-20 10:00:00', '2021/30925', 51.310000);
/*!40000 ALTER TABLE `vendas` ENABLE KEYS */;

/*!40101 SET SQL_MODE=IFNULL(@OLD_SQL_MODE, '') */;
/*!40014 SET FOREIGN_KEY_CHECKS=IFNULL(@OLD_FOREIGN_KEY_CHECKS, 1) */;
/*!40101 SET CHARACTER_SET_CLIENT=@OLD_CHARACTER_SET_CLIENT */;
/*!40111 SET SQL_NOTES=IFNULL(@OLD_SQL_NOTES, 1) */;
